star,year,award
 William Hurt ,1986,Oscar
 Harrison Ford ,1986,Oscar
 James Garner ,1986,Oscar
 Jack Nicholson ,1986,Oscar
 Jon Voight ,1986,Oscar
 Don Ameche ,1986,Oscar
 Klaus Maria Brandauer ,1986,Oscar
 William Hickey ,1986,Oscar
 Robert Loggia ,1986,Oscar
 Eric Roberts ,1986,Oscar
 Geraldine Page ,1986,Oscar
 Anne Bancroft ,1986,Oscar
 Whoopi Goldberg ,1986,Oscar
 Jessica Lange ,1986,Oscar
 Meryl Streep ,1986,Oscar
 Anjelica Huston ,1986,Oscar
 Margaret Avery ,1986,Oscar
 Amy Madigan ,1986,Oscar
 Meg Tilly ,1986,Oscar
 Oprah Winfrey ,1986,Oscar
 Paul Newman ,1987,Oscar
 Dexter Gordon ,1987,Oscar
 Bob Hoskins ,1987,Oscar
 William Hurt ,1987,Oscar
 James Woods ,1987,Oscar
 Michael Caine ,1987,Oscar
 Tom Berenger ,1987,Oscar
 Willem Dafoe ,1987,Oscar
 Denholm Elliott ,1987,Oscar
 Dennis Hopper ,1987,Oscar
 Marlee Matlin ,1987,Oscar
 Jane Fonda ,1987,Oscar
 Sissy Spacek ,1987,Oscar
 Kathleen Turner ,1987,Oscar
 Sigourney Weaver ,1987,Oscar
 Dianne Wiest ,1987,Oscar
 Tess Harper ,1987,Oscar
 Piper Laurie ,1987,Oscar
 Mary Elizabeth Mastrantonio ,1987,Oscar
 Maggie Smith ,1987,Oscar
 Michael Douglas ,1988,Oscar
 William Hurt ,1988,Oscar
 Marcello Mastroianni ,1988,Oscar
 Jack Nicholson ,1988,Oscar
 Robin Williams ,1988,Oscar
 Sean Connery ,1988,Oscar
 Albert Brooks ,1988,Oscar
 Morgan Freeman ,1988,Oscar
 Vincent Gardenia ,1988,Oscar
 Denzel Washington ,1988,Oscar
 Cher ,1988,Oscar
 Glenn Close ,1988,Oscar
 Holly Hunter ,1988,Oscar
 Sally Kirkland ,1988,Oscar
 Meryl Streep ,1988,Oscar
 Olympia Dukakis ,1988,Oscar
 Norma Aleandro ,1988,Oscar
 Anne Archer ,1988,Oscar
 Anne Ramsey ,1988,Oscar
 Ann Sothern ,1988,Oscar
 Dustin Hoffman ,1989,Oscar
 Gene Hackman ,1989,Oscar
 Tom Hanks ,1989,Oscar
 Edward James Olmos ,1989,Oscar
 Max von Sydow ,1989,Oscar
 Kevin Kline ,1989,Oscar
 Alec Guinness ,1989,Oscar
 Martin Landau ,1989,Oscar
 River Phoenix ,1989,Oscar
 Dean Stockwell ,1989,Oscar
 Jodie Foster ,1989,Oscar
 Glenn Close ,1989,Oscar
 Melanie Griffith ,1989,Oscar
 Meryl Streep ,1989,Oscar
 Sigourney Weaver ,1989,Oscar
 Geena Davis ,1989,Oscar
 Joan Cusack ,1989,Oscar
 Frances McDormand ,1989,Oscar
 Michelle Pfeiffer ,1989,Oscar
 Sigourney Weaver ,1989,Oscar
 Daniel Day Lewis ,1990,Oscar
 Kenneth Branagh ,1990,Oscar
 Tom Cruise ,1990,Oscar
 Morgan Freeman ,1990,Oscar
 Robin Williams ,1990,Oscar
 Denzel Washington ,1990,Oscar
 Danny Aiello ,1990,Oscar
 Dan Aykroyd ,1990,Oscar
 Marlon Brando ,1990,Oscar
 Martin Landau ,1990,Oscar
 Jessica Tandy ,1990,Oscar
 Isabelle Adjani ,1990,Oscar
 Pauline Collins ,1990,Oscar
 Jessica Lange ,1990,Oscar
 Michelle Pfeiffer ,1990,Oscar
 Brenda Fricker ,1990,Oscar
 Anjelica Huston ,1990,Oscar
 Lena Olin ,1990,Oscar
 Julia Roberts ,1990,Oscar
 Dianne Wiest ,1990,Oscar
 Jeremy Irons ,1991,Oscar
 Kevin Costner ,1991,Oscar
 Robert De Niro ,1991,Oscar
 Gerard Depardieu ,1991,Oscar
 Richard Harris ,1991,Oscar
 Joe Pesci ,1991,Oscar
 Bruce Davison ,1991,Oscar
 Andy Garcia ,1991,Oscar
 Graham Greene ,1991,Oscar
 Al Pacino ,1991,Oscar
 Kathy Bates ,1991,Oscar
 Anjelica Huston ,1991,Oscar
 Julia Roberts ,1991,Oscar
 Meryl Streep ,1991,Oscar
 Joanne Woodward ,1991,Oscar
 Whoopi Goldberg ,1991,Oscar
 Annette Bening ,1991,Oscar
 Lorraine Bracco ,1991,Oscar
 Diane Ladd ,1991,Oscar
 Mary McDonnell ,1991,Oscar
 Anthony Hopkins ,1992,Oscar
 Warren Beatty ,1992,Oscar
 Robert De Niro ,1992,Oscar
 Nick Nolte ,1992,Oscar
 Robin Williams ,1992,Oscar
 Jack Palance ,1992,Oscar
 Tommy Lee Jones ,1992,Oscar
 Harvey Keitel ,1992,Oscar
 Ben Kingsley ,1992,Oscar
 Michael Lerner ,1992,Oscar
 Jodie Foster ,1992,Oscar
 Geena Davis ,1992,Oscar
 Laura Dern ,1992,Oscar
 Bette Midler ,1992,Oscar
 Susan Sarandon ,1992,Oscar
 Mercedes Ruehl ,1992,Oscar
 Diane Ladd ,1992,Oscar
 Juliette Lewis ,1992,Oscar
 Kate Nelligan ,1992,Oscar
 Jessica Tandy ,1992,Oscar
 Al Pacino ,1993,Oscar
 Robert Downey Jr. ,1993,Oscar
 Clint Eastwood ,1993,Oscar
 Stephen Rea ,1993,Oscar
 Denzel Washington ,1993,Oscar
 Gene Hackman ,1993,Oscar
 Jaye Davidson ,1993,Oscar
 Jack Nicholson ,1993,Oscar
 Al Pacino ,1993,Oscar
 David Paymer ,1993,Oscar
 Emma Thompson ,1993,Oscar
 Catherine Deneuve ,1993,Oscar
 Mary McDonnell ,1993,Oscar
 Michelle Pfeiffer ,1993,Oscar
 Susan Sarandon ,1993,Oscar
 Marisa Tomei ,1993,Oscar
 Judy Davis ,1993,Oscar
 Joan Plowright ,1993,Oscar
 Vanessa Redgrave ,1993,Oscar
 Miranda Richardson ,1993,Oscar
 Tom Hanks ,1994,Oscar
 Daniel Day-Lewis ,1994,Oscar
 Laurence Fishburne ,1994,Oscar
 Anthony Hopkins ,1994,Oscar
 Liam Neeson ,1994,Oscar
 Tommy Lee Jones ,1994,Oscar
 Leonardo DiCaprio ,1994,Oscar
 Ralph Fiennes ,1994,Oscar
 John Malkovich ,1994,Oscar
 Pete Postlethwaite ,1994,Oscar
 Holly Hunter ,1994,Oscar
 Angela Bassett ,1994,Oscar
 Stockard Channing ,1994,Oscar
 Emma Thompson ,1994,Oscar
 Debra Winger ,1994,Oscar
 Anna Paquin ,1994,Oscar
 Holly Hunter ,1994,Oscar
 Rosie Perez ,1994,Oscar
 Winona Ryder ,1994,Oscar
 Emma Thompson ,1994,Oscar
 Tom Hanks ,1995,Oscar
 Morgan Freeman ,1995,Oscar
 Nigel Hawthorne ,1995,Oscar
 Paul Newman ,1995,Oscar
 John Travolta ,1995,Oscar
 Martin Landau ,1995,Oscar
 Samuel L. Jackson ,1995,Oscar
 Chazz Palminteri ,1995,Oscar
 Paul Scofield ,1995,Oscar
 Gary Sinise ,1995,Oscar
 Jessica Lange ,1995,Oscar
 Jodie Foster ,1995,Oscar
 Miranda Richardson ,1995,Oscar
 Winona Ryder ,1995,Oscar
 Susan Sarandon ,1995,Oscar
 Dianne Wiest ,1995,Oscar
 Rosemary Harris ,1995,Oscar
 Helen Mirren ,1995,Oscar
 Uma Thurman ,1995,Oscar
 Jennifer Tilly ,1995,Oscar
 Nicolas Cage ,1996,Oscar
 Richard Dreyfuss ,1996,Oscar
 Anthony Hopkins ,1996,Oscar
 Sean Penn ,1996,Oscar
 Massimo Troisi ,1996,Oscar
 Kevin Spacey ,1996,Oscar
 James Cromwell ,1996,Oscar
 Ed Harris ,1996,Oscar
 Brad Pitt ,1996,Oscar
 Tim Roth ,1996,Oscar
 Susan Sarandon ,1996,Oscar
 Elisabeth Shue ,1996,Oscar
 Sharon Stone ,1996,Oscar
 Meryl Streep ,1996,Oscar
 Emma Thompson ,1996,Oscar
 Mira Sorvino ,1996,Oscar
 Joan Allen ,1996,Oscar
 Kathleen Quinlan ,1996,Oscar
 Mare Winningham ,1996,Oscar
 Kate Winslet ,1996,Oscar
 Geoffrey Rush ,1997,Oscar
 Tom Cruise ,1997,Oscar
 Ralph Fiennes ,1997,Oscar
 Woody Harrelson ,1997,Oscar
 Billy Bob Thornton ,1997,Oscar
" Cuba Gooding, Jr. ",1997,Oscar
 William H. Macy ,1997,Oscar
 Armin Mueller-Stahl ,1997,Oscar
 Edward Norton ,1997,Oscar
 James Woods ,1997,Oscar
 Frances McDormand ,1997,Oscar
 Brenda Blethyn ,1997,Oscar
 Diane Keaton ,1997,Oscar
 Kristin Scott Thomas ,1997,Oscar
 Emily Watson ,1997,Oscar
 Juliette Binoche ,1997,Oscar
 Joan Allen ,1997,Oscar
 Lauren Bacall ,1997,Oscar
 Barbara Hershey ,1997,Oscar
 Marianne Jean-Baptiste ,1997,Oscar
 Jack Nicholson ,1998,Oscar
 Matt Damon ,1998,Oscar
 Robert Duvall ,1998,Oscar
 Peter Fonda ,1998,Oscar
 Dustin Hoffman ,1998,Oscar
 Robin Williams ,1998,Oscar
 Robert Forster ,1998,Oscar
 Anthony Hopkins ,1998,Oscar
 Greg Kinnear ,1998,Oscar
 Burt Reynolds ,1998,Oscar
 Helen Hunt ,1998,Oscar
 Helena Bonham Carter ,1998,Oscar
 Julie Christie ,1998,Oscar
 Judi Dench ,1998,Oscar
 Kate Winslet ,1998,Oscar
 Kim Basinger ,1998,Oscar
 Joan Cusack ,1998,Oscar
 Minnie Driver ,1998,Oscar
 Julianne Moore ,1998,Oscar
 Gloria Stuart ,1998,Oscar
 Roberto Benigni ,1999,Oscar
 Tom Hanks ,1999,Oscar
 Ian McKellen ,1999,Oscar
 Nick Nolte ,1999,Oscar
 Edward Norton ,1999,Oscar
 James Coburn ,1999,Oscar
 Robert Duvall ,1999,Oscar
 Ed Harris ,1999,Oscar
 Geoffrey Rush ,1999,Oscar
 Billy Bob Thornton ,1999,Oscar
 Gwyneth Paltrow ,1999,Oscar
 Cate Blanchett ,1999,Oscar
 Fernanda Montenegro ,1999,Oscar
 Meryl Streep ,1999,Oscar
 Emily Watson ,1999,Oscar
 Judi Dench ,1999,Oscar
 Kathy Bates ,1999,Oscar
 Brenda Blethyn ,1999,Oscar
 Rachel Griffiths ,1999,Oscar
 Lynn Redgrave ,1999,Oscar
 Kevin Spacey ,2000,Oscar
 Russell Crowe ,2000,Oscar
 Richard Farnsworth ,2000,Oscar
 Sean Penn ,2000,Oscar
 Denzel Washington ,2000,Oscar
 Michael Caine ,2000,Oscar
 Tom Cruise ,2000,Oscar
 Michael Clarke Duncan ,2000,Oscar
 Jude Law ,2000,Oscar
 Haley Joel Osment ,2000,Oscar
 Hilary Swank ,2000,Oscar
 Annette Bening ,2000,Oscar
 Janet McTeer ,2000,Oscar
 Julianne Moore ,2000,Oscar
 Meryl Streep ,2000,Oscar
 Angelina Jolie ,2000,Oscar
 Toni Collette ,2000,Oscar
 Catherine Keener ,2000,Oscar
 Samantha Morton ,2000,Oscar
 Chloë Sevigny ,2000,Oscar
 Russell Crowe ,2001,Oscar
 Javier Bardem ,2001,Oscar
 Tom Hanks ,2001,Oscar
 Ed Harris ,2001,Oscar
 Geoffrey Rush ,2001,Oscar
 Benicio Del Toro ,2001,Oscar
 Jeff Bridges ,2001,Oscar
 Willem Dafoe ,2001,Oscar
 Albert Finney ,2001,Oscar
 Joaquin Phoenix ,2001,Oscar
 Julia Roberts ,2001,Oscar
 Joan Allen ,2001,Oscar
 Juliette Binoche ,2001,Oscar
 Ellen Burstyn ,2001,Oscar
 Laura Linney ,2001,Oscar
 Marcia Gay Harden ,2001,Oscar
 Judi Dench ,2001,Oscar
 Kate Hudson ,2001,Oscar
 Frances McDormand ,2001,Oscar
 Julie Walters ,2001,Oscar
 Denzel Washington ,2002,Oscar
 Russell Crowe ,2002,Oscar
 Sean Penn ,2002,Oscar
 Will Smith ,2002,Oscar
 Tom Wilkinson ,2002,Oscar
 Jim Broadbent ,2002,Oscar
 Ethan Hawke ,2002,Oscar
 Ben Kingsley ,2002,Oscar
 Ian McKellen ,2002,Oscar
 Jon Voight ,2002,Oscar
 Halle Berry ,2002,Oscar
 Judi Dench ,2002,Oscar
 Nicole Kidman ,2002,Oscar
 Sissy Spacek ,2002,Oscar
 Renée Zellweger ,2002,Oscar
 Jennifer Connelly ,2002,Oscar
 Helen Mirren ,2002,Oscar
 Maggie Smith ,2002,Oscar
 Marisa Tomei ,2002,Oscar
 Kate Winslet ,2002,Oscar
 Adrien Brody ,2003,Oscar
 Nicolas Cage ,2003,Oscar
 Michael Caine ,2003,Oscar
 Daniel Day-Lewis ,2003,Oscar
 Jack Nicholson ,2003,Oscar
 Chris Cooper ,2003,Oscar
 Ed Harris ,2003,Oscar
 Paul Newman ,2003,Oscar
 John C. Reilly ,2003,Oscar
 Christopher Walken ,2003,Oscar
 Nicole Kidman ,2003,Oscar
 Salma Hayek ,2003,Oscar
 Diane Lane ,2003,Oscar
 Julianne Moore ,2003,Oscar
 Renée Zellweger ,2003,Oscar
 Catherine Zeta-Jones ,2003,Oscar
 Kathy Bates ,2003,Oscar
 Julianne Moore ,2003,Oscar
 Queen Latifah ,2003,Oscar
 Meryl Streep ,2003,Oscar
 Sean Penn ,2004,Oscar
 Johnny Depp ,2004,Oscar
 Ben Kingsley ,2004,Oscar
 Jude Law ,2004,Oscar
 Bill Murray ,2004,Oscar
 Tim Robbins ,2004,Oscar
 Alec Baldwin ,2004,Oscar
 Benicio Del Toro ,2004,Oscar
 Djimon Hounsou ,2004,Oscar
 Ken Watanabe ,2004,Oscar
 Charlize Theron ,2004,Oscar
 Keisha Castle-Hughes ,2004,Oscar
 Diane Keaton ,2004,Oscar
 Samantha Morton ,2004,Oscar
 Naomi Watts ,2004,Oscar
 Renée Zellweger ,2004,Oscar
 Shohreh Aghdashloo ,2004,Oscar
 Patricia Clarkson ,2004,Oscar
 Marcia Gay Harden ,2004,Oscar
 Holly Hunter ,2004,Oscar
 Jamie Foxx ,2005,Oscar
 Don Cheadle ,2005,Oscar
 Johnny Depp ,2005,Oscar
 Leonardo DiCaprio ,2005,Oscar
 Clint Eastwood ,2005,Oscar
 Morgan Freeman ,2005,Oscar
 Alan Alda ,2005,Oscar
 Thomas Haden Church ,2005,Oscar
 Jamie Foxx ,2005,Oscar
 Clive Owen ,2005,Oscar
 Hilary Swank ,2005,Oscar
 Annette Bening ,2005,Oscar
 Catalina Sandino Moreno ,2005,Oscar
 Imelda Staunton ,2005,Oscar
 Kate Winslet ,2005,Oscar
 Cate Blanchett ,2005,Oscar
 Laura Linney ,2005,Oscar
 Virginia Madsen ,2005,Oscar
 Sophie Okonedo ,2005,Oscar
 Natalie Portman ,2005,Oscar
 Philip Seymour Hoffman ,2006,Oscar
 Terrence Howard ,2006,Oscar
 Heath Ledger ,2006,Oscar
 Joaquin Phoenix ,2006,Oscar
 David Strathairn ,2006,Oscar
 George Clooney ,2006,Oscar
 Matt Dillon ,2006,Oscar
 Paul Giamatti ,2006,Oscar
 Jake Gyllenhaal ,2006,Oscar
 William Hurt ,2006,Oscar
 Reese Witherspoon ,2006,Oscar
 Judi Dench ,2006,Oscar
 Felicity Huffman ,2006,Oscar
 Keira Knightley ,2006,Oscar
 Charlize Theron ,2006,Oscar
 Rachel Weisz ,2006,Oscar
 Amy Adams ,2006,Oscar
 Catherine Keener ,2006,Oscar
 Frances McDormand ,2006,Oscar
 Michelle Williams ,2006,Oscar
 Forest Whitaker ,2007,Oscar
 Leonardo DiCaprio ,2007,Oscar
 Ryan Gosling ,2007,Oscar
 Peter O'Toole ,2007,Oscar
 Will Smith ,2007,Oscar
 Alan Arkin ,2007,Oscar
 Jackie Earle Haley ,2007,Oscar
 Djimon Hounsou ,2007,Oscar
 Eddie Murphy ,2007,Oscar
 Mark Wahlberg ,2007,Oscar
 Helen Mirren ,2007,Oscar
 Penélope Cruz ,2007,Oscar
 Judi Dench ,2007,Oscar
 Meryl Streep ,2007,Oscar
 Kate Winslet ,2007,Oscar
 Jennifer Hudson ,2007,Oscar
 Adriana Barraza ,2007,Oscar
 Cate Blanchett ,2007,Oscar
 Abigail Breslin ,2007,Oscar
 Rinko Kikuchi ,2007,Oscar
 Daniel Day-Lewis ,2008,Oscar
 George Clooney ,2008,Oscar
 Johnny Depp ,2008,Oscar
 Tommy Lee Jones ,2008,Oscar
 Viggo Mortensen ,2008,Oscar
 Javier Bardem ,2008,Oscar
 Casey Affleck ,2008,Oscar
 Philip Seymour Hoffman ,2008,Oscar
 Hal Holbrook ,2008,Oscar
 Tom Wilkinson ,2008,Oscar
 Marion Cotillard ,2008,Oscar
 Cate Blanchett ,2008,Oscar
 Julie Christie ,2008,Oscar
 Laura Linney ,2008,Oscar
 Ellen Page ,2008,Oscar
 Tilda Swinton ,2008,Oscar
 Cate Blanchett ,2008,Oscar
 Ruby Dee ,2008,Oscar
 Saoirse Ronan ,2008,Oscar
 Amy Ryan ,2008,Oscar
 Sean Penn ,2009,Oscar
 Richard Jenkins ,2009,Oscar
 Frank Langella ,2009,Oscar
 Brad Pitt ,2009,Oscar
 Mickey Rourke ,2009,Oscar
 Heath Ledger ,2009,Oscar
 Josh Brolin ,2009,Oscar
 Robert Downey Jr. ,2009,Oscar
 Philip Seymour Hoffman ,2009,Oscar
 Michael Shannon ,2009,Oscar
 Kate Winslet ,2009,Oscar
 Anne Hathaway ,2009,Oscar
 Angelina Jolie ,2009,Oscar
 Melissa Leo ,2009,Oscar
 Meryl Streep ,2009,Oscar
 Penélope Cruz ,2009,Oscar
 Amy Adams ,2009,Oscar
 Viola Davis ,2009,Oscar
 Taraji P. Henson ,2009,Oscar
 Marisa Tomei ,2009,Oscar
 Jeff Bridges ,2010,Oscar
 George Clooney ,2010,Oscar
 Colin Firth ,2010,Oscar
 Morgan Freeman ,2010,Oscar
 Jeremy Renner ,2010,Oscar
 Christoph Waltz ,2010,Oscar
 Matt Damon ,2010,Oscar
 Woody Harrelson ,2010,Oscar
 Christopher Plummer ,2010,Oscar
 Stanley Tucci ,2010,Oscar
 Sandra Bullock ,2010,Oscar
 Helen Mirren ,2010,Oscar
 Carey Mulligan ,2010,Oscar
 Gabourey Sidibe ,2010,Oscar
 Meryl Streep ,2010,Oscar
 Mo'Nique ,2010,Oscar
 Penélope Cruz ,2010,Oscar
 Vera Farmiga ,2010,Oscar
 Maggie Gyllenhaal ,2010,Oscar
 Anna Kendrick ,2010,Oscar
 Colin Firth ,2011,Oscar
 Javier Bardem ,2011,Oscar
 Jeff Bridges ,2011,Oscar
 Jesse Eisenberg ,2011,Oscar
 James Franco ,2011,Oscar
 Christian Bale ,2011,Oscar
 John Hawkes ,2011,Oscar
 Jeremy Renner ,2011,Oscar
 Mark Ruffalo ,2011,Oscar
 Geoffrey Rush ,2011,Oscar
 Natalie Portman ,2011,Oscar
 Annette Bening ,2011,Oscar
 Nicole Kidman ,2011,Oscar
 Jennifer Lawrence ,2011,Oscar
 Michelle Williams ,2011,Oscar
 Melissa Leo ,2011,Oscar
 Amy Adams ,2011,Oscar
 Helena Bonham Carter ,2011,Oscar
 Hailee Steinfeld ,2011,Oscar
 Jacki Weaver ,2011,Oscar
 Jean Dujardin ,2012,Oscar
 A Better Life ,2012,Oscar
 George Clooney ,2012,Oscar
 Gary Oldman ,2012,Oscar
 Brad Pitt ,2012,Oscar
 Christopher Plummer ,2012,Oscar
 Kenneth Branagh ,2012,Oscar
 Jonah Hill ,2012,Oscar
 Nick Nolte ,2012,Oscar
 Max von Sydow ,2012,Oscar
 Meryl Streep ,2012,Oscar
 Glenn Close ,2012,Oscar
 Viola Davis ,2012,Oscar
 Rooney Mara ,2012,Oscar
 Michelle Williams ,2012,Oscar
 Octavia Spencer ,2012,Oscar
 Bérénice Bejo ,2012,Oscar
 Jessica Chastain ,2012,Oscar
 Melissa McCarthy ,2012,Oscar
 Janet McTeer ,2012,Oscar
 Daniel Day-Lewis ,2013,Oscar
 Bradley Cooper ,2013,Oscar
 Hugh Jackman ,2013,Oscar
 Joaquin Phoenix ,2013,Oscar
 Denzel Washington ,2013,Oscar
 Christoph Waltz ,2013,Oscar
 Alan Arkin ,2013,Oscar
 Robert De Niro ,2013,Oscar
 Philip Seymour Hoffman ,2013,Oscar
 Tommy Lee Jones ,2013,Oscar
 Jennifer Lawrence ,2013,Oscar
 Jessica Chastain ,2013,Oscar
 Emmanuelle Riva ,2013,Oscar
 Quvenzhané Wallis ,2013,Oscar
 Naomi Watts ,2013,Oscar
 Anne Hathaway ,2013,Oscar
 Amy Adams ,2013,Oscar
 Sally Field ,2013,Oscar
 Helen Hunt ,2013,Oscar
 Jacki Weaver ,2013,Oscar
 Matthew McConaughey ,2014,Oscar
 Christian Bale ,2014,Oscar
 Bruce Dern ,2014,Oscar
 Leonardo DiCaprio ,2014,Oscar
 Chiwetel Ejiofor ,2014,Oscar
 Jared Leto ,2014,Oscar
 Barkhad Abdi ,2014,Oscar
 Bradley Cooper ,2014,Oscar
 Michael Fassbender ,2014,Oscar
 Jonah Hill ,2014,Oscar
 Cate Blanchett ,2014,Oscar
 Amy Adams ,2014,Oscar
 Sandra Bullock ,2014,Oscar
 Judi Dench ,2014,Oscar
 Meryl Streep ,2014,Oscar
 Lupita Nyong'o ,2014,Oscar
 Sally Hawkins ,2014,Oscar
 Jennifer Lawrence ,2014,Oscar
 Julia Roberts ,2014,Oscar
 June Squibb ,2014,Oscar
 Eddie Redmayne  ,2015,Oscar
 Steve Carell  ,2015,Oscar
 Bradley Cooper  ,2015,Oscar
 Benedict Cumberbatch  ,2015,Oscar
 Michael Keaton  ,2015,Oscar
 J.K. Simmons  ,2015,Oscar
 Robert Duvall  ,2015,Oscar
 Ethan Hawke  ,2015,Oscar
 Edward Norton  ,2015,Oscar
 Mark Ruffalo ,2015,Oscar
 Julianne Moore  ,2015,Oscar
 Marion Cotillard  ,2015,Oscar
 Felicity Jones  ,2015,Oscar
 Rosamund Pike  ,2015,Oscar
 Reese Witherspoon  ,2015,Oscar
 Patricia Arquette  ,2015,Oscar
 Laura Dern  ,2015,Oscar
 Keira Knightley  ,2015,Oscar
 Emma Stone  ,2015,Oscar
 Meryl Streep  ,2015,Oscar
 Leonardo DiCaprio ,2016,Oscar
 Bryan Cranston ,2016,Oscar
 Matt Damon ,2016,Oscar
 Michael Fassbender ,2016,Oscar
 Eddie Redmayne  ,2016,Oscar
 Mark Rylance ,2016,Oscar
 Christian Bale ,2016,Oscar
 Tom Hardy ,2016,Oscar
 Mark Ruffalo ,2016,Oscar
 Sylvester Stallone ,2016,Oscar
 Brie Larson ,2016,Oscar
 Cate Blanchett ,2016,Oscar
 Jennifer Lawrence ,2016,Oscar
 Charlotte Rampling ,2016,Oscar
 Saoirse Ronan ,2016,Oscar
 Alicia Vikander ,2016,Oscar
 Jennifer Jason Leigh ,2016,Oscar
 Rooney Mara ,2016,Oscar
 Rachel McAdams ,2016,Oscar
 Kate Winslet ,2016,Oscar
 Casey Affleck ,2017,Oscar
 Andrew Garfield ,2017,Oscar
 Ryan Gosling ,2017,Oscar
 Viggo Mortensen ,2017,Oscar
 Denzel Washington ,2017,Oscar
 Mahershala Ali ,2017,Oscar
 Jeff Bridges ,2017,Oscar
 Lucas Hedges ,2017,Oscar
 Dev Patel ,2017,Oscar
 Michael Shannon ,2017,Oscar
 Emma Stone ,2017,Oscar
 Isabelle Huppert ,2017,Oscar
 Ruth Negga ,2017,Oscar
 Natalie Portman ,2017,Oscar
 Meryl Streep ,2017,Oscar
 Viola Davis ,2017,Oscar
 Naomie Harris ,2017,Oscar
 Nicole Kidman ,2017,Oscar
 Octavia Spencer ,2017,Oscar
 Michelle Williams ,2017,Oscar
 Gary Oldman ,2018,Oscar
 Timothée Chalamet ,2018,Oscar
 Daniel Day-Lewis ,2018,Oscar
 Daniel Kaluuya ,2018,Oscar
 Denzel Washington ,2018,Oscar
 Sam Rockwell ,2018,Oscar
 Willem Dafoe ,2018,Oscar
 Woody Harrelson ,2018,Oscar
 Richard Jenkins ,2018,Oscar
 Christopher Plummer ,2018,Oscar
 Frances McDormand ,2018,Oscar
 Sally Hawkins ,2018,Oscar
 Margot Robbie ,2018,Oscar
 Saoirse Ronan ,2018,Oscar
 Meryl Streep ,2018,Oscar
 Allison Janney ,2018,Oscar
 Mary J. Blige ,2018,Oscar
 Lesley Manville ,2018,Oscar
 Laurie Metcalf ,2018,Oscar
 Octavia Spencer ,2018,Oscar
 Rami Malek ,2019,Oscar
 Christian Bale ,2019,Oscar
 Bradley Cooper ,2019,Oscar
 Willem Dafoe ,2019,Oscar
 Viggo Mortensen ,2019,Oscar
 Mahershala Ali ,2019,Oscar
 Adam Driver ,2019,Oscar
 Sam Elliott ,2019,Oscar
 Richard E. Grant ,2019,Oscar
 Sam Rockwell ,2019,Oscar
 Olivia Colman ,2019,Oscar
 Yalitza Aparicio ,2019,Oscar
 Glenn Close ,2019,Oscar
 Lady Gaga ,2019,Oscar
 Melissa McCarthy ,2019,Oscar
 Regina King ,2019,Oscar
 Amy Adams ,2019,Oscar
 Marina de Tavira ,2019,Oscar
 Emma Stone ,2019,Oscar
 Rachel Weisz ,2019,Oscar
 Joaquin Phoenix ,2020,Oscar
 Antonio Banderas ,2020,Oscar
 Leonardo DiCaprio ,2020,Oscar
 Adam Driver ,2020,Oscar
 Jonathan Pryce ,2020,Oscar
 Brad Pitt ,2020,Oscar
 Tom Hanks ,2020,Oscar
 Anthony Hopkins ,2020,Oscar
 Al Pacino ,2020,Oscar
 Joe Pesci ,2020,Oscar
 Renée Zellweger ,2020,Oscar
 Cynthia Erivo ,2020,Oscar
 Scarlett Johansson ,2020,Oscar
 Saoirse Ronan ,2020,Oscar
 Charlize Theron ,2020,Oscar
 Laura Dern ,2020,Oscar
 Kathy Bates ,2020,Oscar
 Scarlett Johansson ,2020,Oscar
 Florence Pugh ,2020,Oscar
 Margot Robbie ,2020,Oscar
Isabelle Huppert,2020,Golden Globes
Amy Adams,2020,Golden Globes
Jessica Chastain,2020,Golden Globes
Ruth Negga,2020,Golden Globes
Natalie Portman,2020,Golden Globes
Brie Larson,2019,Golden Globes
Saoirse Ronan,2019,Golden Globes
Cate Blanchett,2019,Golden Globes
Rooney Mara,2019,Golden Globes
Alicia Vikander,2019,Golden Globes
Julianne Moore,2018,Golden Globes
Reese Witherspoon,2018,Golden Globes
Jennifer Aniston,2018,Golden Globes
Felicity Jones,2018,Golden Globes
Rosamund Pike,2018,Golden Globes
Cate Blanchett,2017,Golden Globes
Sandra Bullock,2017,Golden Globes
Judi Dench,2017,Golden Globes
Kate Winslet,2017,Golden Globes
Emma Thompson,2017,Golden Globes
Jessica Chastain,2016,Golden Globes
Naomi Watts,2016,Golden Globes
Rachel Weisz,2016,Golden Globes
Marion Cotillard,2016,Golden Globes
Helen Mirren,2016,Golden Globes
Meryl Streep,2015,Golden Globes
Glenn Close,2015,Golden Globes
Viola Davis,2015,Golden Globes
Rooney Mara,2015,Golden Globes
Tilda Swinton,2015,Golden Globes
Natalie Portman,2014,Golden Globes
Nicole Kidman,2014,Golden Globes
Jennifer Lawrence,2014,Golden Globes
Michelle Williams,2014,Golden Globes
Halle Berry,2014,Golden Globes
Sandra Bullock,2013,Golden Globes
Emily Blunt,2013,Golden Globes
Helen Mirren,2013,Golden Globes
Carey Mulligan,2013,Golden Globes
Gabourey Sidibe,2013,Golden Globes
Kate Winslet,2012,Golden Globes
Meryl Streep,2012,Golden Globes
Anne Hathaway,2012,Golden Globes
Angelina Jolie,2012,Golden Globes
Kristin Scott Thomas,2012,Golden Globes
Julie Christie,2011,Golden Globes
Jodie Foster,2011,Golden Globes
Angelina Jolie,2011,Golden Globes
Keira Knightley,2011,Golden Globes
Cate Blanchett,2011,Golden Globes
Helen Mirren,2010,Golden Globes
Judi Dench,2010,Golden Globes
Maggie Gyllenhaal,2010,Golden Globes
Kate Winslet,2010,Golden Globes
Penélope Cruz,2010,Golden Globes
Felicity Huffman,2009,Golden Globes
Maria Bello,2009,Golden Globes
Gwyneth Paltrow,2009,Golden Globes
Charlize Theron,2009,Golden Globes
Ziyi Zhang,2009,Golden Globes
Hilary Swank,2008,Golden Globes
Uma Thurman,2008,Golden Globes
Scarlett Johansson,2008,Golden Globes
Nicole Kidman,2008,Golden Globes
Imelda Staunton,2008,Golden Globes
Charlize Theron,2007,Golden Globes
Uma Thurman,2007,Golden Globes
Evan Rachel Wood,2007,Golden Globes
Cate Blanchett,2007,Golden Globes
Scarlett Johansson,2007,Golden Globes
Nicole Kidman,2006,Golden Globes
Nicole Kidman,2006,Golden Globes
Salma Hayek,2006,Golden Globes
Diane Lane,2006,Golden Globes
Julianne Moore,2006,Golden Globes
Meryl Streep,2005,Golden Globes
Sissy Spacek,2005,Golden Globes
Nicole Kidman,2005,Golden Globes
Halle Berry,2005,Golden Globes
Judi Dench,2005,Golden Globes
Julia Roberts,2004,Golden Globes
Joan Allen,2004,Golden Globes
Björk,2004,Golden Globes
Ellen Burstyn,2004,Golden Globes
Laura Linney,2004,Golden Globes
Hilary Swank,2003,Golden Globes
Meryl Streep,2003,Golden Globes
Sigourney Weaver,2003,Golden Globes
Annette Bening,2003,Golden Globes
Julianne Moore,2003,Golden Globes
Cate Blanchett,2002,Golden Globes
Fernanda Montenegro,2002,Golden Globes
Susan Sarandon,2002,Golden Globes
Meryl Streep,2002,Golden Globes
Emily Watson,2002,Golden Globes
Judi Dench,2001,Golden Globes
Helena Bonham Carter,2001,Golden Globes
Jodie Foster,2001,Golden Globes
Jessica Lange,2001,Golden Globes
Kate Winslet,2001,Golden Globes
Brenda Blethyn,2000,Golden Globes
Emily Watson,2000,Golden Globes
Courtney Love,2000,Golden Globes
Kristin Scott Thomas,2000,Golden Globes
Meryl Streep,2000,Golden Globes
Sharon Stone,1999,Golden Globes
Susan Sarandon,1999,Golden Globes
Elisabeth Shue,1999,Golden Globes
Meryl Streep,1999,Golden Globes
Emma Thompson,1999,Golden Globes
Jessica Lange,1998,Golden Globes
Meryl Streep,1998,Golden Globes
Jodie Foster,1998,Golden Globes
Jennifer Jason Leigh,1998,Golden Globes
Miranda Richardson,1998,Golden Globes
Holly Hunter,1997,Golden Globes
Juliette Binoche,1997,Golden Globes
Michelle Pfeiffer,1997,Golden Globes
Emma Thompson,1997,Golden Globes
Debra Winger,1997,Golden Globes
Emma Thompson,1996,Golden Globes
Mary McDonnell,1996,Golden Globes
Michelle Pfeiffer,1996,Golden Globes
Susan Sarandon,1996,Golden Globes
Sharon Stone,1996,Golden Globes
Jodie Foster,1995,Golden Globes
Annette Bening,1995,Golden Globes
Geena Davis,1995,Golden Globes
Laura Dern,1995,Golden Globes
Susan Sarandon,1995,Golden Globes
Kathy Bates,1994,Golden Globes
Susan Sarandon,1994,Golden Globes
Joanne Woodward,1994,Golden Globes
Anjelica Huston,1994,Golden Globes
Michelle Pfeiffer,1994,Golden Globes
Michelle Pfeiffer,1993,Golden Globes
Sally Field,1993,Golden Globes
Jessica Lange,1993,Golden Globes
Andie MacDowell,1993,Golden Globes
Liv Ullmann,1993,Golden Globes
Jodie Foster,1992,Golden Globes
Shirley MacLaine,1992,Golden Globes
Sigourney Weaver,1992,Golden Globes
Christine Lahti,1992,Golden Globes
Meryl Streep,1992,Golden Globes
Sally Kirkland,1991,Golden Globes
Glenn Close,1991,Golden Globes
Faye Dunaway,1991,Golden Globes
Rachel Levin,1991,Golden Globes
Barbra Streisand,1991,Golden Globes
Marlee Matlin,1990,Golden Globes
Julie Andrews,1990,Golden Globes
Anne Bancroft,1990,Golden Globes
Farrah Fawcett,1990,Golden Globes
Sigourney Weaver,1990,Golden Globes
Whoopi Goldberg,1989,Golden Globes
Geraldine Page,1989,Golden Globes
Meryl Streep,1989,Golden Globes
Anne Bancroft,1989,Golden Globes
Cher,1989,Golden Globes
Sally Field,1988,Golden Globes
Diane Keaton,1988,Golden Globes
Jessica Lange,1988,Golden Globes
Vanessa Redgrave,1988,Golden Globes
Sissy Spacek,1988,Golden Globes
,1987.0,Golden Globes
,1987.0,Golden Globes
,1987.0,Golden Globes
,1987.0,Golden Globes
,1987.0,Golden Globes
,1986.0,Golden Globes
,1986.0,Golden Globes
,1986.0,Golden Globes
,1986.0,Golden Globes
,1986.0,Golden Globes
Casey Affleck,2020,Golden Globes
Joel Edgerton,2020,Golden Globes
Andrew Garfield,2020,Golden Globes
Viggo Mortensen,2020,Golden Globes
Denzel Washington,2020,Golden Globes
Leonardo DiCaprio,2019,Golden Globes
Michael Fassbender,2019,Golden Globes
Eddie Redmayne,2019,Golden Globes
Bryan Cranston,2019,Golden Globes
Will Smith,2019,Golden Globes
Eddie Redmayne,2018,Golden Globes
Benedict Cumberbatch,2018,Golden Globes
David Oyelowo,2018,Golden Globes
Steve Carell,2018,Golden Globes
Jake Gyllenhaal,2018,Golden Globes
Matthew McConaughey,2017,Golden Globes
Tom Hanks,2017,Golden Globes
Idris Elba,2017,Golden Globes
Robert Redford,2017,Golden Globes
Chiwetel Ejiofor,2017,Golden Globes
Daniel Day-Lewis,2016,Golden Globes
Richard Gere,2016,Golden Globes
Joaquin Phoenix,2016,Golden Globes
Denzel Washington,2016,Golden Globes
John Hawkes,2016,Golden Globes
George Clooney,2015,Golden Globes
Leonardo DiCaprio,2015,Golden Globes
Michael Fassbender,2015,Golden Globes
Ryan Gosling,2015,Golden Globes
Brad Pitt,2015,Golden Globes
Colin Firth,2014,Golden Globes
Mark Wahlberg,2014,Golden Globes
Jesse Eisenberg,2014,Golden Globes
James Franco,2014,Golden Globes
Ryan Gosling,2014,Golden Globes
Jeff Bridges,2013,Golden Globes
George Clooney,2013,Golden Globes
Colin Firth,2013,Golden Globes
Morgan Freeman,2013,Golden Globes
Tobey Maguire,2013,Golden Globes
Mickey Rourke,2012,Golden Globes
Brad Pitt,2012,Golden Globes
Leonardo DiCaprio,2012,Golden Globes
Frank Langella,2012,Golden Globes
Sean Penn,2012,Golden Globes
Daniel Day-Lewis,2011,Golden Globes
Denzel Washington,2011,Golden Globes
George Clooney,2011,Golden Globes
James McAvoy,2011,Golden Globes
Viggo Mortensen,2011,Golden Globes
Forest Whitaker,2010,Golden Globes
Leonardo DiCaprio,2010,Golden Globes
Leonardo DiCaprio,2010,Golden Globes
Peter O'Toole,2010,Golden Globes
Will Smith,2010,Golden Globes
Philip Seymour Hoffman,2009,Golden Globes
Russell Crowe,2009,Golden Globes
Terrence Howard,2009,Golden Globes
Heath Ledger,2009,Golden Globes
David Strathairn,2009,Golden Globes
Leonardo DiCaprio,2008,Golden Globes
Javier Bardem,2008,Golden Globes
Don Cheadle,2008,Golden Globes
Johnny Depp,2008,Golden Globes
Liam Neeson,2008,Golden Globes
Sean Penn,2007,Golden Globes
Russell Crowe,2007,Golden Globes
Tom Cruise,2007,Golden Globes
Ben Kingsley,2007,Golden Globes
Jude Law,2007,Golden Globes
Jack Nicholson,2006,Golden Globes
Leonardo DiCaprio,2006,Golden Globes
Adrien Brody,2006,Golden Globes
Michael Caine,2006,Golden Globes
Daniel Day-Lewis,2006,Golden Globes
Russell Crowe,2005,Golden Globes
Kevin Spacey,2005,Golden Globes
Will Smith,2005,Golden Globes
Billy Bob Thornton,2005,Golden Globes
Denzel Washington,2005,Golden Globes
Tom Hanks,2004,Golden Globes
Javier Bardem,2004,Golden Globes
Russell Crowe,2004,Golden Globes
Michael Douglas,2004,Golden Globes
Geoffrey Rush,2004,Golden Globes
Denzel Washington,2003,Golden Globes
Russell Crowe,2003,Golden Globes
Matt Damon,2003,Golden Globes
Richard Farnsworth,2003,Golden Globes
Kevin Spacey,2003,Golden Globes
Jim Carrey,2002,Golden Globes
Nick Nolte,2002,Golden Globes
Stephen Fry,2002,Golden Globes
Tom Hanks,2002,Golden Globes
Ian McKellen,2002,Golden Globes
Peter Fonda,2001,Golden Globes
Matt Damon,2001,Golden Globes
Daniel Day-Lewis,2001,Golden Globes
Leonardo DiCaprio,2001,Golden Globes
Djimon Hounsou,2001,Golden Globes
Geoffrey Rush,2000,Golden Globes
Ralph Fiennes,2000,Golden Globes
Mel Gibson,2000,Golden Globes
Woody Harrelson,2000,Golden Globes
Liam Neeson,2000,Golden Globes
Nicolas Cage,1999,Golden Globes
Ian McKellen,1999,Golden Globes
Sean Penn,1999,Golden Globes
Richard Dreyfuss,1999,Golden Globes
Anthony Hopkins,1999,Golden Globes
Tom Hanks,1998,Golden Globes
Morgan Freeman,1998,Golden Globes
Paul Newman,1998,Golden Globes
Brad Pitt,1998,Golden Globes
John Travolta,1998,Golden Globes
Tom Hanks,1997,Golden Globes
Daniel Day-Lewis,1997,Golden Globes
Harrison Ford,1997,Golden Globes
Anthony Hopkins,1997,Golden Globes
Liam Neeson,1997,Golden Globes
Al Pacino,1996,Golden Globes
Denzel Washington,1996,Golden Globes
Tom Cruise,1996,Golden Globes
Robert Downey Jr.,1996,Golden Globes
Jack Nicholson,1996,Golden Globes
Nick Nolte,1995,Golden Globes
Warren Beatty,1995,Golden Globes
Kevin Costner,1995,Golden Globes
Robert De Niro,1995,Golden Globes
Anthony Hopkins,1995,Golden Globes
Jeremy Irons,1994,Golden Globes
Kevin Costner,1994,Golden Globes
Richard Harris,1994,Golden Globes
Al Pacino,1994,Golden Globes
Robin Williams,1994,Golden Globes
Tom Cruise,1993,Golden Globes
Al Pacino,1993,Golden Globes
Robin Williams,1993,Golden Globes
Daniel Day-Lewis,1993,Golden Globes
Jack Lemmon,1993,Golden Globes
Dustin Hoffman,1992,Golden Globes
Gene Hackman,1992,Golden Globes
Tom Hulce,1992,Golden Globes
Edward James Olmos,1992,Golden Globes
Forest Whitaker,1992,Golden Globes
Michael Douglas,1991,Golden Globes
John Lone,1991,Golden Globes
Jack Nicholson,1991,Golden Globes
Nick Nolte,1991,Golden Globes
Denzel Washington,1991,Golden Globes
Bob Hoskins,1990,Golden Globes
Harrison Ford,1990,Golden Globes
Dexter Gordon,1990,Golden Globes
William Hurt,1990,Golden Globes
Jeremy Irons,1990,Golden Globes
Paul Newman,1989,Golden Globes
Jon Voight,1989,Golden Globes
Raul Julia,1989,Golden Globes
Harrison Ford,1989,Golden Globes
Gene Hackman,1989,Golden Globes
William Hurt,1988,Golden Globes
F. Murray Abraham,1988,Golden Globes
Jeff Bridges,1988,Golden Globes
Albert Finney,1988,Golden Globes
Tom Hulce,1988,Golden Globes
Sam Waterston,1987,Golden Globes
,1987.0,Golden Globes
,1987.0,Golden Globes
,1987.0,Golden Globes
,1987.0,Golden Globes
,1986.0,Golden Globes
,1986.0,Golden Globes
,1986.0,Golden Globes
,1986.0,Golden Globes
,1986.0,Golden Globes
Emma Stone,2020,Golden Globes
Annette Bening,2020,Golden Globes
Lily Collins,2020,Golden Globes
Hailee Steinfeld,2020,Golden Globes
Meryl Streep,2020,Golden Globes
Jennifer Lawrence,2019,Golden Globes
Amy Schumer,2019,Golden Globes
Lily Tomlin,2019,Golden Globes
Melissa McCarthy,2019,Golden Globes
Maggie Smith,2019,Golden Globes
Amy Adams,2018,Golden Globes
Emily Blunt,2018,Golden Globes
Helen Mirren,2018,Golden Globes
Julianne Moore,2018,Golden Globes
Quvenzhané Wallis,2018,Golden Globes
Amy Adams,2017,Golden Globes
Julia Louis-Dreyfus,2017,Golden Globes
Greta Gerwig,2017,Golden Globes
Meryl Streep,2017,Golden Globes
Julie Delpy,2017,Golden Globes
Jennifer Lawrence,2016,Golden Globes
Emily Blunt,2016,Golden Globes
Judi Dench,2016,Golden Globes
Maggie Smith,2016,Golden Globes
Meryl Streep,2016,Golden Globes
Michelle Williams,2015,Golden Globes
Jodie Foster,2015,Golden Globes
Charlize Theron,2015,Golden Globes
Kristen Wiig,2015,Golden Globes
Kate Winslet,2015,Golden Globes
Annette Bening,2014,Golden Globes
Anne Hathaway,2014,Golden Globes
Angelina Jolie,2014,Golden Globes
Julianne Moore,2014,Golden Globes
Emma Stone,2014,Golden Globes
Meryl Streep,2013,Golden Globes
Sandra Bullock,2013,Golden Globes
Marion Cotillard,2013,Golden Globes
Julia Roberts,2013,Golden Globes
Meryl Streep,2013,Golden Globes
Sally Hawkins,2012,Golden Globes
Rebecca Hall,2012,Golden Globes
Frances McDormand,2012,Golden Globes
Meryl Streep,2012,Golden Globes
Emma Thompson,2012,Golden Globes
Marion Cotillard,2011,Golden Globes
Helena Bonham Carter,2011,Golden Globes
Ellen Page,2011,Golden Globes
Nikki Blonsky,2011,Golden Globes
Amy Adams,2011,Golden Globes
Meryl Streep,2010,Golden Globes
Toni Collette,2010,Golden Globes
Beyoncé,2010,Golden Globes
Renée Zellweger,2010,Golden Globes
Annette Bening,2010,Golden Globes
Reese Witherspoon,2009,Golden Globes
Judi Dench,2009,Golden Globes
Keira Knightley,2009,Golden Globes
Laura Linney,2009,Golden Globes
Sarah Jessica Parker,2009,Golden Globes
Annette Bening,2008,Golden Globes
Ashley Judd,2008,Golden Globes
Renée Zellweger,2008,Golden Globes
Kate Winslet,2008,Golden Globes
Emmy Rossum,2008,Golden Globes
Diane Keaton,2007,Golden Globes
Helen Mirren,2007,Golden Globes
Jamie Lee Curtis,2007,Golden Globes
Scarlett Johansson,2007,Golden Globes
Diane Lane,2007,Golden Globes
Renée Zellweger,2006,Golden Globes
Maggie Gyllenhaal,2006,Golden Globes
Goldie Hawn,2006,Golden Globes
Nia Vardalos,2006,Golden Globes
Catherine Zeta-Jones,2006,Golden Globes
Nicole Kidman,2005,Golden Globes
Reese Witherspoon,2005,Golden Globes
Renée Zellweger,2005,Golden Globes
Thora Birch,2005,Golden Globes
Cate Blanchett,2005,Golden Globes
Renée Zellweger,2004,Golden Globes
Juliette Binoche,2004,Golden Globes
Brenda Blethyn,2004,Golden Globes
Sandra Bullock,2004,Golden Globes
Tracey Ullman,2004,Golden Globes
Janet McTeer,2003,Golden Globes
Julianne Moore,2003,Golden Globes
Julia Roberts,2003,Golden Globes
Sharon Stone,2003,Golden Globes
Reese Witherspoon,2003,Golden Globes
Gwyneth Paltrow,2002,Golden Globes
Cameron Diaz,2002,Golden Globes
Jane Horrocks,2002,Golden Globes
Christina Ricci,2002,Golden Globes
Meg Ryan,2002,Golden Globes
Helen Hunt,2001,Golden Globes
Jennifer Lopez,2001,Golden Globes
Julia Roberts,2001,Golden Globes
Joey Lauren Adams,2001,Golden Globes
Pam Grier,2001,Golden Globes
Madonna,2000,Golden Globes
Glenn Close,2000,Golden Globes
Frances McDormand,2000,Golden Globes
Debbie Reynolds,2000,Golden Globes
Barbra Streisand,2000,Golden Globes
Nicole Kidman,1999,Golden Globes
Toni Collette,1999,Golden Globes
Vanessa Redgrave,1999,Golden Globes
Annette Bening,1999,Golden Globes
Sandra Bullock,1999,Golden Globes
Jamie Lee Curtis,1998,Golden Globes
Geena Davis,1998,Golden Globes
Andie MacDowell,1998,Golden Globes
Shirley MacLaine,1998,Golden Globes
Emma Thompson,1998,Golden Globes
Angela Bassett,1997,Golden Globes
Stockard Channing,1997,Golden Globes
Anjelica Huston,1997,Golden Globes
Diane Keaton,1997,Golden Globes
Meg Ryan,1997,Golden Globes
Miranda Richardson,1996,Golden Globes
Meryl Streep,1996,Golden Globes
Geena Davis,1996,Golden Globes
Whoopi Goldberg,1996,Golden Globes
Shirley MacLaine,1996,Golden Globes
Bette Midler,1995,Golden Globes
Anjelica Huston,1995,Golden Globes
Michelle Pfeiffer,1995,Golden Globes
Ellen Barkin,1995,Golden Globes
Kathy Bates,1995,Golden Globes
Julia Roberts,1994,Golden Globes
Mia Farrow,1994,Golden Globes
Andie MacDowell,1994,Golden Globes
Demi Moore,1994,Golden Globes
Meryl Streep,1994,Golden Globes
Jessica Tandy,1993,Golden Globes
Pauline Collins,1993,Golden Globes
Meg Ryan,1993,Golden Globes
Meryl Streep,1993,Golden Globes
Kathleen Turner,1993,Golden Globes
Melanie Griffith,1992,Golden Globes
Susan Sarandon,1992,Golden Globes
Jamie Lee Curtis,1992,Golden Globes
Amy Irving,1992,Golden Globes
Michelle Pfeiffer,1992,Golden Globes
Cher,1991,Golden Globes
Jennifer Grey,1991,Golden Globes
Holly Hunter,1991,Golden Globes
Diane Keaton,1991,Golden Globes
Bette Midler,1991,Golden Globes
Sissy Spacek,1990,Golden Globes
Julie Andrews,1990,Golden Globes
Melanie Griffith,1990,Golden Globes
Bette Midler,1990,Golden Globes
Kathleen Turner,1990,Golden Globes
Kathleen Turner,1989,Golden Globes
Mia Farrow,1989,Golden Globes
Sally Field,1989,Golden Globes
Rosanna Arquette,1989,Golden Globes
Glenn Close,1989,Golden Globes
Kathleen Turner,1988,Golden Globes
Anne Bancroft,1988,Golden Globes
Mia Farrow,1988,Golden Globes
Shelley Long,1988,Golden Globes
Lily Tomlin,1988,Golden Globes
,1987.0,Golden Globes
,1987.0,Golden Globes
,1987.0,Golden Globes
,1987.0,Golden Globes
,1987.0,Golden Globes
,1986.0,Golden Globes
,1986.0,Golden Globes
,1986.0,Golden Globes
,1986.0,Golden Globes
,1986.0,Golden Globes
Ryan Gosling,2020,Golden Globes
Colin Farrell,2020,Golden Globes
Hugh Grant,2020,Golden Globes
Jonah Hill,2020,Golden Globes
Ryan Reynolds,2020,Golden Globes
Matt Damon,2019,Golden Globes
Mark Ruffalo,2019,Golden Globes
Christian Bale,2019,Golden Globes
Steve Carell,2019,Golden Globes
Al Pacino,2019,Golden Globes
Michael Keaton,2018,Golden Globes
Ralph Fiennes,2018,Golden Globes
Christoph Waltz,2018,Golden Globes
Bill Murray,2018,Golden Globes
Joaquin Phoenix,2018,Golden Globes
Leonardo DiCaprio,2017,Golden Globes
Bruce Dern,2017,Golden Globes
Oscar Isaac,2017,Golden Globes
Joaquin Phoenix,2017,Golden Globes
Christian Bale,2017,Golden Globes
Hugh Jackman,2016,Golden Globes
Jack Black,2016,Golden Globes
Ewan McGregor,2016,Golden Globes
Bill Murray,2016,Golden Globes
Bradley Cooper,2016,Golden Globes
Jean Dujardin,2015,Golden Globes
Brendan Gleeson,2015,Golden Globes
Joseph Gordon-Levitt,2015,Golden Globes
Ryan Gosling,2015,Golden Globes
Owen Wilson,2015,Golden Globes
Paul Giamatti,2014,Golden Globes
Kevin Spacey,2014,Golden Globes
Johnny Depp,2014,Golden Globes
Johnny Depp,2014,Golden Globes
Jake Gyllenhaal,2014,Golden Globes
Robert Downey Jr.,2013,Golden Globes
Matt Damon,2013,Golden Globes
Daniel Day-Lewis,2013,Golden Globes
Joseph Gordon-Levitt,2013,Golden Globes
Michael Stuhlbarg,2013,Golden Globes
Colin Farrell,2012,Golden Globes
Brendan Gleeson,2012,Golden Globes
Dustin Hoffman,2012,Golden Globes
Javier Bardem,2012,Golden Globes
James Franco,2012,Golden Globes
Johnny Depp,2011,Golden Globes
Philip Seymour Hoffman,2011,Golden Globes
John C. Reilly,2011,Golden Globes
Ryan Gosling,2011,Golden Globes
Tom Hanks,2011,Golden Globes
Sacha Baron Cohen,2010,Golden Globes
Johnny Depp,2010,Golden Globes
Aaron Eckhart,2010,Golden Globes
Chiwetel Ejiofor,2010,Golden Globes
Will Ferrell,2010,Golden Globes
Joaquin Phoenix,2009,Golden Globes
Pierce Brosnan,2009,Golden Globes
Jeff Daniels,2009,Golden Globes
Johnny Depp,2009,Golden Globes
Nathan Lane,2009,Golden Globes
Cillian Murphy,2008,Golden Globes
Jamie Foxx,2008,Golden Globes
Jim Carrey,2008,Golden Globes
Paul Giamatti,2008,Golden Globes
Kevin Kline,2008,Golden Globes
Kevin Spacey,2007,Golden Globes
Bill Murray,2007,Golden Globes
Jack Black,2007,Golden Globes
Johnny Depp,2007,Golden Globes
Jack Nicholson,2007,Golden Globes
Billy Bob Thornton,2006,Golden Globes
Richard Gere,2006,Golden Globes
Nicolas Cage,2006,Golden Globes
Kieran Culkin,2006,Golden Globes
Hugh Grant,2006,Golden Globes
Adam Sandler,2005,Golden Globes
Gene Hackman,2005,Golden Globes
Hugh Jackman,2005,Golden Globes
Ewan McGregor,2005,Golden Globes
John Cameron Mitchell,2005,Golden Globes
Billy Bob Thornton,2004,Golden Globes
George Clooney,2004,Golden Globes
Jim Carrey,2004,Golden Globes
John Cusack,2004,Golden Globes
Robert De Niro,2004,Golden Globes
Mel Gibson,2003,Golden Globes
Jim Carrey,2003,Golden Globes
Robert De Niro,2003,Golden Globes
Rupert Everett,2003,Golden Globes
Hugh Grant,2003,Golden Globes
Sean Penn,2002,Golden Globes
Michael Caine,2002,Golden Globes
Robin Williams,2002,Golden Globes
Antonio Banderas,2002,Golden Globes
Warren Beatty,2002,Golden Globes
John Travolta,2001,Golden Globes
Jack Nicholson,2001,Golden Globes
Jim Carrey,2001,Golden Globes
Dustin Hoffman,2001,Golden Globes
Samuel L. Jackson,2001,Golden Globes
Kevin Kline,2000,Golden Globes
Tom Cruise,2000,Golden Globes
Antonio Banderas,2000,Golden Globes
Kevin Costner,2000,Golden Globes
Nathan Lane,2000,Golden Globes
Eddie Murphy,1999,Golden Globes
John Travolta,1999,Golden Globes
Michael Douglas,1999,Golden Globes
Harrison Ford,1999,Golden Globes
Steve Martin,1999,Golden Globes
Patrick Swayze,1998,Golden Globes
Hugh Grant,1998,Golden Globes
Terence Stamp,1998,Golden Globes
Jim Carrey,1998,Golden Globes
Johnny Depp,1998,Golden Globes
Arnold Schwarzenegger,1997,Golden Globes
Robin Williams,1997,Golden Globes
Johnny Depp,1997,Golden Globes
Tom Hanks,1997,Golden Globes
Kevin Kline,1997,Golden Globes
Colm Meaney,1996,Golden Globes
Tim Robbins,1996,Golden Globes
Nicolas Cage,1996,Golden Globes
Billy Crystal,1996,Golden Globes
Marcello Mastroianni,1996,Golden Globes
Tim Robbins,1995,Golden Globes
Robin Williams,1995,Golden Globes
Kevin Kline,1995,Golden Globes
Jeff Bridges,1995,Golden Globes
Billy Crystal,1995,Golden Globes
Dustin Hoffman,1994,Golden Globes
Gérard Depardieu,1994,Golden Globes
Macaulay Culkin,1994,Golden Globes
Johnny Depp,1994,Golden Globes
Richard Gere,1994,Golden Globes
Patrick Swayze,1993,Golden Globes
Morgan Freeman,1993,Golden Globes
Billy Crystal,1993,Golden Globes
Michael Douglas,1993,Golden Globes
Steve Martin,1993,Golden Globes
Jack Nicholson,1992,Golden Globes
Tom Hanks,1992,Golden Globes
Bob Hoskins,1992,Golden Globes
Michael Caine,1992,Golden Globes
John Cleese,1992,Golden Globes
Robert De Niro,1991,Golden Globes
Robin Williams,1991,Golden Globes
William Hurt,1991,Golden Globes
Steve Martin,1991,Golden Globes
Patrick Swayze,1991,Golden Globes
Nicolas Cage,1990,Golden Globes
Danny DeVito,1990,Golden Globes
Paul Hogan,1990,Golden Globes
Matthew Broderick,1990,Golden Globes
Jack Lemmon,1990,Golden Globes
Jeff Daniels,1989,Golden Globes
Danny DeVito,1989,Golden Globes
Jack Nicholson,1989,Golden Globes
Jeff Daniels,1989,Golden Globes
Griffin Dunne,1989,Golden Globes
Michael J. Fox,1988,Golden Globes
James Garner,1988,Golden Globes
Dudley Moore,1988,Golden Globes
Robin Williams,1988,Golden Globes
Steve Martin,1988,Golden Globes
Eddie Murphy,1987,Golden Globes
Bill Murray,1987,Golden Globes
,1987.0,Golden Globes
,1987.0,Golden Globes
,1987.0,Golden Globes
,1986.0,Golden Globes
,1986.0,Golden Globes
,1986.0,Golden Globes
,1986.0,Golden Globes
,1986.0,Golden Globes
Viola Davis,2020,Golden Globes
Naomie Harris,2020,Golden Globes
Nicole Kidman,2020,Golden Globes
Octavia Spencer,2020,Golden Globes
Michelle Williams,2020,Golden Globes
Kate Winslet,2019,Golden Globes
Alicia Vikander,2019,Golden Globes
Jennifer Jason Leigh,2019,Golden Globes
Helen Mirren,2019,Golden Globes
Jane Fonda,2019,Golden Globes
Patricia Arquette,2018,Golden Globes
Jessica Chastain,2018,Golden Globes
Emma Stone,2018,Golden Globes
Keira Knightley,2018,Golden Globes
Meryl Streep,2018,Golden Globes
Jennifer Lawrence,2017,Golden Globes
Lupita Nyong'o,2017,Golden Globes
June Squibb,2017,Golden Globes
Julia Roberts,2017,Golden Globes
Sally Hawkins,2017,Golden Globes
Anne Hathaway,2016,Golden Globes
Nicole Kidman,2016,Golden Globes
Sally Field,2016,Golden Globes
Amy Adams,2016,Golden Globes
Helen Hunt,2016,Golden Globes
Octavia Spencer,2015,Golden Globes
Bérénice Bejo,2015,Golden Globes
Jessica Chastain,2015,Golden Globes
Janet McTeer,2015,Golden Globes
Shailene Woodley,2015,Golden Globes
Melissa Leo,2014,Golden Globes
Helena Bonham Carter,2014,Golden Globes
Mila Kunis,2014,Golden Globes
Jacki Weaver,2014,Golden Globes
Amy Adams,2014,Golden Globes
Mo'Nique,2013,Golden Globes
Penélope Cruz,2013,Golden Globes
Vera Farmiga,2013,Golden Globes
Anna Kendrick,2013,Golden Globes
Julianne Moore,2013,Golden Globes
Kate Winslet,2012,Golden Globes
Amy Adams,2012,Golden Globes
Penélope Cruz,2012,Golden Globes
Viola Davis,2012,Golden Globes
Marisa Tomei,2012,Golden Globes
Cate Blanchett,2011,Golden Globes
Tilda Swinton,2011,Golden Globes
Julia Roberts,2011,Golden Globes
Saoirse Ronan,2011,Golden Globes
Amy Ryan,2011,Golden Globes
Jennifer Hudson,2010,Golden Globes
Adriana Barraza,2010,Golden Globes
Cate Blanchett,2010,Golden Globes
Emily Blunt,2010,Golden Globes
Rinko Kikuchi,2010,Golden Globes
Rachel Weisz,2009,Golden Globes
Michelle Williams,2009,Golden Globes
Scarlett Johansson,2009,Golden Globes
Shirley MacLaine,2009,Golden Globes
Frances McDormand,2009,Golden Globes
Natalie Portman,2008,Golden Globes
Cate Blanchett,2008,Golden Globes
Laura Linney,2008,Golden Globes
Virginia Madsen,2008,Golden Globes
Meryl Streep,2008,Golden Globes
Renée Zellweger,2007,Golden Globes
Hope Davis,2007,Golden Globes
Holly Hunter,2007,Golden Globes
Maria Bello,2007,Golden Globes
Patricia Clarkson,2007,Golden Globes
Meryl Streep,2006,Golden Globes
Kathy Bates,2006,Golden Globes
Cameron Diaz,2006,Golden Globes
Queen Latifah,2006,Golden Globes
Susan Sarandon,2006,Golden Globes
Jennifer Connelly,2005,Golden Globes
Cameron Diaz,2005,Golden Globes
Helen Mirren,2005,Golden Globes
Maggie Smith,2005,Golden Globes
Marisa Tomei,2005,Golden Globes
Kate Winslet,2004,Golden Globes
Kate Hudson,2004,Golden Globes
Catherine Zeta-Jones,2004,Golden Globes
Judi Dench,2004,Golden Globes
Frances McDormand,2004,Golden Globes
Julie Walters,2003,Golden Globes
Angelina Jolie,2003,Golden Globes
Cameron Diaz,2003,Golden Globes
Catherine Keener,2003,Golden Globes
Samantha Morton,2003,Golden Globes
Natalie Portman,2002,Golden Globes
Chloë Sevigny,2002,Golden Globes
Lynn Redgrave,2002,Golden Globes
Kathy Bates,2002,Golden Globes
Brenda Blethyn,2002,Golden Globes
Judi Dench,2001,Golden Globes
Sharon Stone,2001,Golden Globes
Kim Basinger,2001,Golden Globes
Sigourney Weaver,2001,Golden Globes
Joan Cusack,2001,Golden Globes
Julianne Moore,2000,Golden Globes
Gloria Stuart,2000,Golden Globes
Lauren Bacall,2000,Golden Globes
Joan Allen,2000,Golden Globes
Juliette Binoche,2000,Golden Globes
Barbara Hershey,1999,Golden Globes
Marianne Jean-Baptiste,1999,Golden Globes
Marion Ross,1999,Golden Globes
Mira Sorvino,1999,Golden Globes
Anjelica Huston,1999,Golden Globes
Kathleen Quinlan,1998,Golden Globes
Kyra Sedgwick,1998,Golden Globes
Kate Winslet,1998,Golden Globes
Dianne Wiest,1998,Golden Globes
Kirsten Dunst,1998,Golden Globes
Sophia Loren,1997,Golden Globes
Uma Thurman,1997,Golden Globes
Robin Wright,1997,Golden Globes
Winona Ryder,1997,Golden Globes
Rosie Perez,1997,Golden Globes
Emma Thompson,1996,Golden Globes
Penelope Ann Miller,1996,Golden Globes
Anna Paquin,1996,Golden Globes
Joan Plowright,1996,Golden Globes
Geraldine Chaplin,1996,Golden Globes
Judy Davis,1995,Golden Globes
Miranda Richardson,1995,Golden Globes
Alfre Woodard,1995,Golden Globes
Mercedes Ruehl,1995,Golden Globes
Diane Ladd,1995,Golden Globes
Juliette Lewis,1994,Golden Globes
Jessica Tandy,1994,Golden Globes
Nicole Kidman,1994,Golden Globes
Whoopi Goldberg,1994,Golden Globes
Lorraine Bracco,1994,Golden Globes
Diane Ladd,1993,Golden Globes
Shirley MacLaine,1993,Golden Globes
Mary McDonnell,1993,Golden Globes
Winona Ryder,1993,Golden Globes
Julia Roberts,1993,Golden Globes
Bridget Fonda,1992,Golden Globes
Brenda Fricker,1992,Golden Globes
Laura San Giacomo,1992,Golden Globes
Dianne Wiest,1992,Golden Globes
Sigourney Weaver,1992,Golden Globes
Diane Venora,1991,Golden Globes
Sônia Braga,1991,Golden Globes
Barbara Hershey,1991,Golden Globes
Lena Olin,1991,Golden Globes
Olympia Dukakis,1991,Golden Globes
Norma Aleandro,1990,Golden Globes
Anne Archer,1990,Golden Globes
Anne Ramsey,1990,Golden Globes
Vanessa Redgrave,1990,Golden Globes
Maggie Smith,1990,Golden Globes
Mary Elizabeth Mastrantonio,1989,Golden Globes
Linda Kozlowski ,1989,Golden Globes
Cathy Tyson,1989,Golden Globes
Dianne Wiest,1989,Golden Globes
Meg Tilly,1989,Golden Globes
Amy Madigan,1988,Golden Globes
Kelly McGillis,1988,Golden Globes
Oprah Winfrey,1988,Golden Globes
Sônia Braga,1988,Golden Globes
Anjelica Huston,1988,Golden Globes
Peggy Ashcroft,1987,Golden Globes
Drew Barrymore,1987,Golden Globes
Kim Basinger,1987,Golden Globes
Jacqueline Bisset,1987,Golden Globes
Melanie Griffith,1987,Golden Globes
Christine Lahti,1986,Golden Globes
Lesley Ann Warren,1986,Golden Globes
,1986.0,Golden Globes
,1986.0,Golden Globes
,1986.0,Golden Globes
Aaron Taylor-Johnson,2020,Golden Globes
Mahershala Ali,2020,Golden Globes
Jeff Bridges,2020,Golden Globes
Simon Helberg,2020,Golden Globes
Dev Patel,2020,Golden Globes
Sylvester Stallone,2019,Golden Globes
Michael Shannon,2019,Golden Globes
Idris Elba,2019,Golden Globes
Mark Rylance,2019,Golden Globes
Paul Dano,2019,Golden Globes
J.K. Simmons,2018,Golden Globes
Ethan Hawke,2018,Golden Globes
Edward Norton,2018,Golden Globes
Mark Ruffalo,2018,Golden Globes
Robert Duvall,2018,Golden Globes
Jared Leto,2017,Golden Globes
Michael Fassbender,2017,Golden Globes
Barkhad Abdi,2017,Golden Globes
Daniel Brühl,2017,Golden Globes
Bradley Cooper,2017,Golden Globes
Christoph Waltz,2016,Golden Globes
Tommy Lee Jones,2016,Golden Globes
Philip Seymour Hoffman,2016,Golden Globes
Alan Arkin,2016,Golden Globes
Leonardo DiCaprio,2016,Golden Globes
Christopher Plummer,2015,Golden Globes
Albert Brooks,2015,Golden Globes
Jonah Hill,2015,Golden Globes
Viggo Mortensen,2015,Golden Globes
Kenneth Branagh,2015,Golden Globes
Christian Bale,2014,Golden Globes
Michael Douglas,2014,Golden Globes
Andrew Garfield,2014,Golden Globes
Jeremy Renner,2014,Golden Globes
Geoffrey Rush,2014,Golden Globes
Christoph Waltz,2013,Golden Globes
Woody Harrelson,2013,Golden Globes
Christopher Plummer,2013,Golden Globes
Stanley Tucci,2013,Golden Globes
Matt Damon,2013,Golden Globes
Heath Ledger,2012,Golden Globes
Tom Cruise,2012,Golden Globes
Robert Downey Jr.,2012,Golden Globes
Ralph Fiennes,2012,Golden Globes
Philip Seymour Hoffman,2012,Golden Globes
Javier Bardem,2011,Golden Globes
Tom Wilkinson,2011,Golden Globes
Casey Affleck,2011,Golden Globes
Philip Seymour Hoffman,2011,Golden Globes
John Travolta,2011,Golden Globes
Eddie Murphy,2010,Golden Globes
Ben Affleck,2010,Golden Globes
Jack Nicholson,2010,Golden Globes
Brad Pitt,2010,Golden Globes
Mark Wahlberg,2010,Golden Globes
George Clooney,2009,Golden Globes
Matt Dillon,2009,Golden Globes
Will Ferrell,2009,Golden Globes
Paul Giamatti,2009,Golden Globes
Bob Hoskins,2009,Golden Globes
Clive Owen,2008,Golden Globes
David Carradine,2008,Golden Globes
Thomas Haden Church,2008,Golden Globes
Jamie Foxx,2008,Golden Globes
Morgan Freeman,2008,Golden Globes
Tim Robbins,2007,Golden Globes
Alec Baldwin,2007,Golden Globes
Albert Finney,2007,Golden Globes
William H. Macy,2007,Golden Globes
Peter Sarsgaard,2007,Golden Globes
Ken Watanabe,2006,Golden Globes
Chris Cooper,2006,Golden Globes
Dennis Quaid,2006,Golden Globes
John C. Reilly,2006,Golden Globes
Ed Harris,2006,Golden Globes
Paul Newman,2005,Golden Globes
Jim Broadbent,2005,Golden Globes
Steve Buscemi,2005,Golden Globes
Hayden Christensen,2005,Golden Globes
Ben Kingsley,2005,Golden Globes
Jude Law,2004,Golden Globes
Jon Voight,2004,Golden Globes
Benicio del Toro,2004,Golden Globes
Jeff Bridges,2004,Golden Globes
Willem Dafoe,2004,Golden Globes
Albert Finney,2003,Golden Globes
Joaquin Phoenix,2003,Golden Globes
Tom Cruise,2003,Golden Globes
Michael Caine,2003,Golden Globes
Michael Clarke Duncan,2003,Golden Globes
Jude Law,2002,Golden Globes
Haley Joel Osment,2002,Golden Globes
Ed Harris,2002,Golden Globes
Robert Duvall,2002,Golden Globes
Bill Murray,2002,Golden Globes
Geoffrey Rush,2001,Golden Globes
Donald Sutherland,2001,Golden Globes
Billy Bob Thornton,2001,Golden Globes
Burt Reynolds,2001,Golden Globes
Robin Williams,2001,Golden Globes
Rupert Everett,2000,Golden Globes
Anthony Hopkins,2000,Golden Globes
Greg Kinnear,2000,Golden Globes
Jon Voight,2000,Golden Globes
Edward Norton,2000,Golden Globes
Cuba Gooding Jr.,1999,Golden Globes
Samuel L. Jackson,1999,Golden Globes
Paul Scofield,1999,Golden Globes
James Woods,1999,Golden Globes
Brad Pitt,1999,Golden Globes
Tim Roth,1998,Golden Globes
Kevin Spacey,1998,Golden Globes
Ed Harris,1998,Golden Globes
John Leguizamo,1998,Golden Globes
Martin Landau,1998,Golden Globes
Kevin Bacon,1997,Golden Globes
Samuel L. Jackson,1997,Golden Globes
Gary Sinise,1997,Golden Globes
John Turturro,1997,Golden Globes
Tommy Lee Jones,1997,Golden Globes
Leonardo DiCaprio,1996,Golden Globes
Ralph Fiennes,1996,Golden Globes
John Malkovich,1996,Golden Globes
Sean Penn,1996,Golden Globes
Gene Hackman,1996,Golden Globes
David Paymer,1995,Golden Globes
Jack Nicholson,1995,Golden Globes
Chris O'Donnell,1995,Golden Globes
Al Pacino,1995,Golden Globes
Jack Palance,1995,Golden Globes
Ned Beatty,1994,Golden Globes
John Goodman,1994,Golden Globes
Harvey Keitel,1994,Golden Globes
Ben Kingsley,1994,Golden Globes
Bruce Davison,1994,Golden Globes
Armand Assante,1993,Golden Globes
Hector Elizondo,1993,Golden Globes
Andy Garcia,1993,Golden Globes
Al Pacino,1993,Golden Globes
Joe Pesci,1993,Golden Globes
Denzel Washington,1992,Golden Globes
Ed Harris,1992,Golden Globes
Bruce Willis,1992,Golden Globes
Danny Aiello,1992,Golden Globes
Marlon Brando,1992,Golden Globes
Sean Connery,1991,Golden Globes
Martin Landau,1991,Golden Globes
Alec Guinness,1991,Golden Globes
Neil Patrick Harris,1991,Golden Globes
Raul Julia,1991,Golden Globes
Lou Diamond Phillips,1990,Golden Globes
River Phoenix,1990,Golden Globes
Sean Connery,1990,Golden Globes
Richard Dreyfuss,1990,Golden Globes
R. Lee Ermey,1990,Golden Globes
Morgan Freeman,1989,Golden Globes
Rob Lowe,1989,Golden Globes
Tom Berenger,1989,Golden Globes
Michael Caine,1989,Golden Globes
Dennis Hopper,1989,Golden Globes
Dennis Hopper,1988,Golden Globes
Ray Liotta,1988,Golden Globes
Klaus Maria Brandauer,1988,Golden Globes
Joel Grey,1988,Golden Globes
John Lone,1988,Golden Globes
Eric Roberts,1987,Golden Globes
Eric Stoltz,1987,Golden Globes
Haing S. Ngor,1987,Golden Globes
Adolph Caesar,1987,Golden Globes
Richard Crenna,1987,Golden Globes
Jeffrey Jones,1986,Golden Globes
Pat Morita,1986,Golden Globes
,1986.0,Golden Globes
,1986.0,Golden Globes
,1986.0,Golden Globes
